importe_actual_eur,peso_%,breach_region
523725.2,59.24330360602079,True
267179.4,30.223083234250463,True
